no,name,kana,type,url
101,株式会社ウェッブアイ,ウェッブアイ,正会員,http://www.webi.co.jp
102,株式会社ウェブインパクト,ウェブインパクト,正会員,https://www.webimpact.co.jp/
103,株式会社ウェルキッズ,ウェルキッズ,正会員,https://www.wel-kids.co.jp/
104,株式会社ウエンズ,ウエンズ,正会員,https://wends.co.jp/
105,株式会社ウォーカー,ウォーカー,正会員,https://www.walker.co.jp/
106,株式会社ウチダ人材開発センタ,ウチダジンザイカイハツセンタ,正会員,https://www.uhd.co.jp/
107,株式会社内田洋行,ウチダヨウコウ,正会員,https://www.uchida.co.jp/
108,株式会社エーアイスピリッツ,エーアイスピリッツ,正会員,https://aispirits.com/
109,株式会社AMBC,エーエムビーシー,正会員,http://www.ambc.jp/
110,株式会社エージェント・インシュアランス・グループ,エージェントインシュアランスグループ,正会員,https://a-gent.co.jp/
111,AZPower株式会社,エーゼットパワー,正会員,https://azpower.co.jp
112,株式会社ATJC,エーティージェーシー,正会員,https://atjc-it.jp/
113,株式会社エーティーワークス,エーティーワークス,正会員,https://www.atworks.co.jp/
114,株式会社ai-Health,エイアイヘルス,正会員,http://ai-health.co.jp/
115,株式会社HRリンク,エイチアールリンク,準会員,https://hrlink.jp/
116,株式会社HICサービス,エイチアイシーサービス,正会員,http://www.hicservice.co.jp/
117,株式会社H&Eテクノロジー,エイチアンドイーテクノロジー,正会員,https://hri-global.co.jp/
118,エイチスリーパートナーズ有限会社,エイチスリーパートナーズ,正会員,https://www.ossplaza.com/
119,株式会社エイトレッド,エイトレッド,正会員,https://www.atled.jp/
120,株式会社エイワット,エイワット,正会員,https://eiwat.co.jp/
121,株式会社エクスト,エクスト,正会員,https://www.ext.ne.jp/
122,エクスペリオンインドコスモテクノロジース株式会社,エクスペリオンインドコスモテクノロジース,正会員,https://www.experion-indocosmo.co.jp
123,株式会社エクセルシア,エクセルシア,正会員,http://www.excelsior.co.jp/
124,株式会社エコ・ドルフィンズ,エコドルフインズ,準会員,
125,株式会社ＳＲＡ,エスアールエイ,正会員,https://www.sra.co.jp/
126,エスアールエム　テクノロジーズ　プライベート　リミテッド,エスアールエムテクノロジーズプライベートリミテッド,正会員,https://japan.srmtech.com
127,株式会社エスアイイー,エスアイイー,正会員,https://sie.co.jp/
128,株式会社エスアイ・システム,エスアイシステム,正会員,http://www.si-system.jp
129,株式会社SEデザイン,エスイーデザイン,正会員,https://www.sedesign.co.jp/
130,エス・エー・エス株式会社,エスエーエス,正会員,https://sas-com.com
131,株式会社SHP,エスエイチピー,正会員,https://socialhealth.co.jp
132,株式会社SNSソフト,エスエヌエスソフト,正会員,https://www.snssoft.co.jp
133,エスコ・ジャパン株式会社,エスコジャパン,正会員,https://www.escco.co.jp/
134,SCSK株式会社,エスシーエスケイ,正会員,https://www.scsk.jp/
135,SCデジタル株式会社,エスシーデジタル,正会員,https://www.scdigital.co.jp/
136,株式会社STVテック,エステイーブイテック,正会員,https://www.stv-tech.co.jp/
137,株式会社SDキャリアサポート,エスディーキャリアサポート,準会員,
138,SB C&S 株式会社,エスビーシーアンドエス,正会員,https://cas.softbank.jp/
139,SBテクノロジー株式会社,エスビーテクノロジー,正会員,https://www.softbanktech.co.jp/
140,株式会社ＳＰ ＥＸＰＥＲＴ’Ｓ,エスピーエキスパーツ,正会員,https://www.spexperts.co.jp/
141,株式会社エスペシャリィ,エスペシャリィ,正会員,https://especially.co.jp
142,一般社団法人XBRL Japan,エックスビーアールエルジャパン,一般賛助会員,http://www.xbrl.or.jp/
143,株式会社エッジコネクト,エッジコネクト,正会員,https://edge-con.co.jp/
144,株式会社NCP相続センター,エヌシーピソウゾクセンター,正会員,https://www.ncp-law.com/souzokucenter/index.html
145,NJCネットコミュニケーションズ株式会社,エヌジェーシーネットコミュニケーションズ,正会員,https://www.netcoms.ne.jp/
146,株式会社エヌ・ティ・ティエムイー,エヌティティエムイー,正会員,https://www.ntt-me.co.jp/
147,株式会社ＮＴＴドコモ,エヌティティドコモ,正会員,https://www.docomo.ne.jp/
148,株式会社NDR,エヌディーアール,正会員,https://www.ndr.ne.jp/
149,NPO地域づくり工房,エヌピーオーチイキヅクリコウボウ,正会員,http://npo.omachi.org/
150,NYKオフィス社会保険労務士法人,エヌワイケイオフィスシャカイホケンロウムシホウジン,正会員,http://www.nykoffice.net/
151,エフアンドエムネット株式会社,エフアンドエムネット,正会員,https://www.fandmnet.com/
152,株式会社F&Lソリューション,エフアンドエルソリューション,正会員,https://fl-sol.com/
153,株式会社FM. Bee,エフエムビー,正会員,http://www.fmbee.com/
154,エブリセンスジャパン株式会社,エブリセンスジャパン,正会員,https://every-sense.com/
155,エプソン販売株式会社,エプソンハンバイ,正会員,https://www.epson.jp/
156,ＭＲＴ株式会社,エムアールティ,正会員,http://medrt.co.jp
157,株式会社ＭＭ総研,エムエムソウケン,正会員,https://www.m2ri.jp/
158,株式会社eMoBi,エモビ,正会員,https://www.emobi.co.jp/
159,LIJ株式会社,エルアイジェイ,正会員,https://www.los-ij.co.jp/
160,株式会社エルテス,エルテス,正会員,https://eltes.co.jp/
161,特定非営利活動法人エルピーアイジャパン,エルピーアイジャパン,正会員,https://lpi.or.jp/
162,ELESTYLE株式会社,エレスタイル,正会員,https://elestyle.jp
163,エンカレッジ・テクノロジ株式会社,エンカレッジテクノロジ,正会員,http://www.et-x.jp/
164,株式会社エンジーニアス,エンジーニアス,準会員,https://engenius.co.jp/
165,株式会社エンジニアリングサムライ,エンジニアリングサムライ,準会員,https://www.engineering-samurai.com/
166,エンバカデロ・テクノロジーズ合同会社,エンバカデロテクノロジーズ,正会員,https://www.embarcadero.com/jp
167,特定非営利活動法人エンパワメントかながわ,エンパワメントカナガワ,準会員,https://npo-ek.org/
168,株式会社ＯＳＫ,オーエスケー,正会員,https://www.kk-osk.co.jp/
169,株式会社オークシステムソリューションズ,オークシステムソリューションズ,正会員,http://oakss.co.jp/
170,株式会社AWESOME SE,オーサムエスイー,準会員,https://www.awesomese.co.jp/
171,株式会社オーシーシー,オーシーシー,正会員,https://www.occ.co.jp
172,株式会社オービックビジネスコンサルタント,オービックビジネスコンサルタント,正会員,https://www.obc.co.jp/
173,株式会社オープンウェーブ,オープンウェーブ,正会員,http://www.openwave.co.jp/
174,株式会社オープンストリーム,オープンストリーム,正会員,https://www.opst.co.jp
175,オールウィンシステム株式会社,オールウィンシステム,正会員,https://allwinsys.co.jp/
176,応研株式会社,オウケン,正会員,http://www.ohken.co.jp/
177,学校法人大阪夕陽丘学園,オオサカユウヒガオカガクエン,一般賛助会員,https://www.oyg.ac.jp/
178,株式会社大塚商会,オオツカショウカイ,正会員,https://www.otsuka-shokai.co.jp/
179,学校法人大原学園,オオハラガクエン,一般賛助会員,https://www.o-hara.ac.jp/
180,税理士大矢隆啓事務所,オオヤタカヒロジムショ,正会員,
181,岡山県　岡山市,オカヤマケン　オカヤマシ,行政会員,https://www.city.okayama.jp/
182,一般財団法人沖縄ITイノベーション戦略センター,オキナワアイティイノベーションセンリャクセンター,一般賛助会員,https://isc-okinawa.org/
183,沖縄県　名護市,オキナワケン　ナゴシ,行政会員,http://www.city.nago.okinawa.jp/index.html
184,オデッセイヒューマンシステム株式会社,オデッセイヒューマンシステム,正会員,http://www.ohs-ndd.co.jp/
185,株式会社オプティム,オプティム,正会員,http://www.optim.co.jp/
186,株式会社オルツ,オルツ,正会員,https://alt.ai/
187,オレンジセキュアサービス株式会社,オレンジセキュアサービス,正会員,http://orange-ss.com/
188,株式会社オレンジリンクス,オレンジリンクス,正会員,http://orangelinks.co.jp/
189,株式会社カオス,カオス,正会員,http://www.caos-a.co.jp/
190,一般社団法人科学技術と経済の会,カガクギジュツトケイザイノカイ,一般賛助会員,http://www.jates.or.jp
191,一般社団法人神奈川県情報サービス産業協会,カナガワケンジョウホウサービスサンギョウキョウカイ,一般賛助会員,https://www.kia.or.jp
192,株式会社　三宅,カブシキガイシャ　ミヤケ,正会員,https://miyake-sec.com/
193,株式会社アマダナスポーツエンタテインメント,カブシキガイシャアマダナスポーツエンタテインメント,準会員,https://www.amadana-se.com/
194,株式会社カラダノート,カラダノート,正会員,https://corp.karadanote.jp/
195,株式会社川崎技術研究所,カワサキギジュツケンキュウショ,準会員,https://kawasaki-tech.co.jp/
196,河村電器産業株式会社,カワムラデンキサンギョウ,正会員,https://www.kawamura.co.jp/
197,関西エアポートオペレーションサービス株式会社,カンサイエアポートオペレーションサービス,正会員,http://www.ops.kansai-airports.co.jp/
198,一般財団法人関西情報センター,カンサイジョウホウセンター,一般賛助会員,http://www.kiis.or.jp
199,関東ＩＴソフトウェア健康保険組合,カントウアイティソフトウェアケンコウホケンクミアイ,一般賛助会員,https://www.its-kenpo.or.jp/
200,学校法人日本教育財団（東京国際工科専門職大学）,ガッコウホウジンニホンキョウイクザイダン（トウキョウコクサイコウカセンモンショクダイガク）,一般賛助会員,https://www.nkz.ac.jp/
201,株式会社ガバメイツ,ガバメイツ,正会員,https://govmates.jp/
202,紀尾井町戦略研究所株式会社,キオイチョウセンリャクケンキュウジョ,正会員,https://ksi-corp.jp/
203,公益社団法人企業情報化協会,キギョウジョウホウカキョウカイ,一般賛助会員,https://www.jiit.or.jp/
204,株式会社キッズウェイ,キッズウェイ,正会員,https://www.kids-way.ne.jp/
205,株式会社KITOHA,キトハ,正会員,http://kitoha.jp/
206,Casley Deep Innovations株式会社,キャスレーディープイノベーションズ,正会員,https://www.casleydi.com/
207,株式会社キャップインフォ,キャップインフォ,正会員,http://www.capinfo.co.jp/
208,キャップクラウド株式会社,キャップクラウド,正会員,https://capcloud.co.jp
209,キャピタル・パートナーズ証券株式会社,キャピタルパートナーズショウケン,一般賛助会員,http://www.capital.co.jp/
210,株式会社キャリアブリッジ,キャリアブリッジ,正会員,https://careerbridge.jp/
211,キャロウェイゴルフ株式会社,キャロウェイゴルフ,正会員,https://www.callawaygolf.jp/
212,キヤノン電子テクノロジー株式会社,キヤノンデンシテクノロジー,正会員,https://www.canon-electec.co.jp/
213,株式会社Ｑｔ,キュート,正会員,http://www.q-trust.co.jp/
214,協立情報通信株式会社,キョウリツジョウホウツウシン,正会員,https://www.kccnet.co.jp/
215,勤次郎株式会社,キンジロウ,正会員,https://www.kinjiro-e.com/
216,キンドリルジャパン株式会社,キンドリルジャパン,正会員,https://www.kyndryl.com/jp/ja
217,株式会社ギガテック,ギガテック,正会員,https://www.giga-tech.co.jp/
218,株式会社ギガプライズ,ギガプライズ,正会員,https://www.gigaprize.co.jp/
219,ギグワークスクロスアイティ株式会社,ギグワークスクロスアイティ,正会員,https://gigxit.co.jp
220,岐阜県　恵那市,ギフケンエナシ,行政会員,https://www.city.ena.lg.jp/
221,株式会社ギフト,ギフト,正会員,https://www.gift-inc.co.jp/
222,クウジット株式会社,クウジット,準会員,https://www.koozyt.com/
223,クオーク株式会社,クオーク,正会員,https://quarq.co.jp/
224,クオリティソフト株式会社,クオリティソフト,正会員,https://www.qualitysoft.com/
225,株式会社QOLET,クオレット,準会員,https://qolet.co.jp
226,株式会社クマヒラ,クマヒラ,正会員,https://www.kumahira.co.jp/
227,一般社団法人組込みシステム技術協会,クミコミシステムギジュツキョウカイ,一般賛助会員,https://www.jasa.or.jp/
228,クラウドエース株式会社,クラウドエース,正会員,https://cloud-ace.jp/
229,株式会社クリエイション,クリエイション,正会員,https://www.creation-j.com/
230,株式会社クリエイティブバンク,クリエイティブバンク,正会員,https://www.creativebank.co.jp/
231,株式会社Crisp Code,クリスプコード,正会員,https://crispcode.co.jp
232,クリューグル株式会社,クリューグル,正会員,https://krugle.co.jp/
233,株式会社クレアンスメアード,クレアンスメアード,正会員,https://www.creansmaerd.co.jp/
234,株式会社クレオ,クレオ,正会員,https://www.creo.co.jp/
235,KROW株式会社,クロー,正会員,https://krow.co.jp/
236,株式会社クロスパワー,クロスパワー,正会員,http://www.x-power.co.jp/
237,株式会社クロスリンク,クロスリンク,正会員,https://crossrink.co.jp/
238,クロノス株式会社,クロノス,正会員,https://www.xronos-inc.co.jp/index.html
239,クワンタム・テクノロジー株式会社,クワンタムテクノロジー,正会員,http://www.quantech.co.jp/
240,グーグル・クラウド・ジャパン合同会社,グーグルクラウドジャパン,正会員,https://cloud.google.com/?hl=ja
241,株式会社グーフ,グーフ,正会員,https://www.goof.buzz/
242,株式会社グッドニュース,グッドニュース,正会員,https://www.goodnews.biz/
243,グラビス・アーキテクツ株式会社,グラビスアーキテクツ,正会員,https://www.glavisarchitects.com/
244,株式会社グリーンキャット,グリーンキャット,正会員,http://www.greencat.co.jp/
245,GRiT Partners 法律事務所,グリットパートナーズホウリツジムショ,正会員,https://www.gritpartnerslaw.jp
246,株式会社グルーヴィーメディア,グルーヴィーメディア,準会員,https://www.groovymedia.jp/
247,株式会社グロースデータ,グロースデータ,正会員,https://growthdata.co.jp/
248,株式会社Globable,グローバブル,正会員,https://globable.jp/
249,株式会社グローバルジャパンネットワーク,グローバルジャパンネットワーク,正会員,https://gjnetwork.jp/
250,グローバルフレンドシップ株式会社,グローバルフレンドシップ,正会員,http://www.gfi.co.jp
251,株式会社グローバルワイズ,グローバルワイズ,正会員,https://www.g-wise.co.jp/
252,株式会社グローブテイルズ,グローブテイルズ,正会員,https://globetails.jp/
253,株式会社ケーイーシー,ケーイーシー,正会員,https://www.kec-sp.com/
254,株式会社K-BIT,ケービット,正会員,https://www.kbit.co.jp/
255,KDDIアジャイル開発センター株式会社,ケイディディアイアジャイルカイハツセンター,正会員,https://kddi-agile.com
256,京葉システム株式会社,ケイヨウシステム,正会員,https://www.keiyo-system.co.jp/
257,株式会社Kdan Japan,ケダンジャパン,正会員,https://www.kdanmobile.com/
258,株式会社建設ドットウェブ,ケンセツドットウェブ,正会員,https://www.kendweb.net/
259,ゲヒルン株式会社,ゲヒルン,正会員,https://www.gehirn.co.jp/
260,株式会社コーエーテクモホールディングス,コーエーテクモホールティングス,正会員,https://www.koeitecmo.co.jp/
261,Co-Evolution株式会社,コーエボリューション,正会員,https://www.co-evo.jp/
262,株式会社コアシンク,コアシンク,正会員,https://www.coresync.co.jp/
263,株式会社コウェル,コウェル,正会員,https://www.co-well.jp/
264,工業会日本万引防止システム協会,コウギョウカイニホンマンビキボウシシステムキョウカイ,一般賛助会員,https://www.jeas.gr.jp/
265,株式会社神戸デジタル・ラボ,コウベデジタルラボ,正会員,https://www.kdl.co.jp/
266,株式会社COEL,コエル,正会員,https://coel-inc.jp/
267,コガソフトウェア株式会社,コガソフトウェア,正会員,https://www.kogasoftware.com/
268,株式会社国和システム,コクワシステム,正会員,https://www.kokuwa.co.jp/
269,コグニビジョン株式会社,コグニビジョン,正会員,https://www.cognivision.jp/
270,株式会社ココスペース,ココスペース,正会員,http://cocospace.com/
271,株式会社コスダック,コスダック,正会員,http://www.cosdac.co.jp/
272,株式会社コスモ・コンピューティングシステム,コスモコンピューティングシステム,正会員,https://cosmocomputing.co.jp/
273,株式会社CoDigital,コデジタル,準会員,https://codigital.co.jp/
274,コナミグループ株式会社,コナミグループ,正会員,https://www.konami.com/
275,株式会社コネクティル,コネクティル,正会員,https://connectill.co.jp
276,コネクトフリー株式会社,コネクトフリー,正会員,https://connectfree.co.jp
277,株式会社Conoris Technologies,コノリステクノロジーズ,正会員,https://www.conoris.jp/
278,株式会社小林労務,コバヤシロウム,準会員,https://www.kobayashiroumu.jp/
279,株式会社コプロシステム,コプロシステム,正会員,http://www.coprosystem.co.jp/
280,コムチュア株式会社,コムチュア,正会員,https://www.comture.com/
281,株式会社comeco,コメコ,正会員,https://comeco1.com/
282,一般社団法人コンピュータソフトウェア著作権協会,コンピュータソフトウェアチョサクケンキョウカイ,一般賛助会員,http://www2.accsjp.or.jp
283,一般社団法人コンピュータソフトウェア倫理機構,コンピュータソフトウェアリンリキコウ,一般賛助会員,http://www.sofurin.org/
284,コンピュータ・テクノロジー株式会社,コンピュータテクノロジー,正会員,http://www.ctc-jp.com/
285,株式会社GO TO MARKET,ゴートゥーマーケット,準会員,https://utilly.jp/company/
286,株式会社サートプロ,サートプロ,正会員,https://www.certpro.jp/
287,株式会社サードウェーブ,サードウェーブ,特別賛助会員,http://info.twave.co.jp/
288,ServiceNow Japan合同会社,サービスナウジャパン,正会員,https://www.servicenow.co.jp/
289,株式会社サイエンスアーツ,サイエンスアーツ,正会員,https://www.science-arts.com
290,サイエンスパーク株式会社,サイエンスパーク,正会員,https://sciencepark.co.jp/
291,サイオステクノロジー株式会社,サイオステクノロジー,正会員,https://sios.jp/
292,株式会社サイズ,サイズ,正会員,http://www.x-yz.co.jp/
293,公益社団法人埼玉県情報サービス産業協会,サイタマケンジョウホウサービスサンギョウキョウカイ,一般賛助会員,http://www.sisia.or.jp/
294,株式会社サイダス,サイダス,正会員,https://www.cydas.com/
295,株式会社サイドクロス,サイドクロス,準会員,https://www.side-cross.com
296,株式会社Cyberデジタル,サイバーデジタル,正会員,http://www.cyber-digital.jp/index.html
297,サイバートラスト株式会社,サイバートラスト,正会員,https://www.cybertrust.co.jp/
298,サイボウズ株式会社,サイボウズ,正会員,https://cybozu.co.jp/
299,佐賀県,サガケン,行政会員,https://www.pref.saga.lg.jp/
300,佐賀県　武雄市,サガケンタケオシ,行政会員,http://www.city.takeo.lg.jp/
301,さくらインターネット株式会社,サクラインターネット,正会員,https://www.sakura.ad.jp/
302,サツドラホールディングス株式会社,サツドラホールディングス,正会員,https://satudora-hd.co.jp/
303,サティス株式会社,サティス,正会員,https://satisjp.com
304,サビテックジャパン株式会社,サビテックジャパン,正会員,http://sabitech.co.jp
305,株式会社サベックス,サベックス,準会員,https://www.sapex.co.jp/
306,株式会社サンテック,サンテック,正会員,http://www.santec.biz/
307,株式会社サンデーアーツ,サンデーアーツ,正会員,https://www.sunday-ja.com/
308,株式会社算法,サンポウ,正会員,https://www.rna.co.jp
309,株式会社サンライズ,サンライズ,正会員,https://sunrise-corp.co.jp/
310,三和コムテック株式会社,サンワコムテック,正会員,https://www.sct.co.jp/
311,サンワサプライ株式会社,サンワサプライ,正会員,http://www.sanwa.co.jp/
312,一般社団法人CRM協議会,シーアールエムキョウギカイ,一般賛助会員,http://www.crma-j.org/
313,株式会社シー・アイ・エス,シーアイエス,正会員,http://www.c-i-s.jp/
314,株式会社シー・エヌ・エス,シーエヌエス,正会員,https://www.cnsinc.jp/
315,株式会社シー・シー・ダブル,シーシーダブル,正会員,https://www.ccw.co.jp/
316,ＣＤＣアクアサービス株式会社,シーデーシーアクアサービス,準会員,
317,株式会社シードソリューションズ,シードソリューションズ,正会員,https://www.seedsolutions.co.jp/
318,株式会社シービーラボ,シービーラボ,正会員,https://www.cblab.jp/
319,株式会社Ｃ６０,シーロクマル,準会員,https://php.c60.co.jp
320,株式会社シイエヌエス,シイエヌエス,正会員,http://www.cns.co.jp/
321,シェアクレスト株式会社,シェアクレスト,正会員,http://sharecrest.com/
322,株式会社シグ,シグ,正会員,https://www.sig-inc.com
323,シグマソフトサービス株式会社,シグマソフトサービス,正会員,https://www.sigmasoft.co.jp/
324,システムアソシエイト株式会社,システムアソシエイト,正会員,http://www.asso48.co.jp
325,株式会社システムエグゼ,システムエグゼ,正会員,https://www.system-exe.co.jp/
326,株式会社システムクエスト,システムクエスト,正会員,http://www.s-quest.co.jp
327,株式会社システムコンサルタント,システムコンサルタント,正会員,https://www.ksc.co.jp/
328,株式会社システムシンク,システムシンク,正会員,http://www.s-think.co.jp/
329,システムズ・デザイン株式会社,システムズデザイン,正会員,https://www.sdcj.co.jp
330,株式会社システムズナカシマ,システムズナカシマ,正会員,https://www.systems.nakashima.co.jp/
331,株式会社システムディ,システムディ,正会員,https://www.systemd.co.jp/
332,株式会社システム・プロデュース,システムプロデュース,正会員,http://www.produce.co.jp
333,システムロード株式会社,システムロード,正会員,http://www.road.co.jp/
334,株式会社シスパル,シスパル,正会員,http://www.syspal.co.jp
335,静岡県　袋井市,シズオカケンフクロイシ,行政会員,http://www.city.fukuroi.shizuoka.jp/
336,株式会社Citadel AI,シタデルエーアイ,準会員,https://www.citadel.co.jp/
337,株式会社シティ・プランニング,シティプランニング,正会員,http://www.cplan.co.jp/
338,株式会社 Siba Service,シバサービス,正会員,https://www.siba-service.jp
339,株式会社シビルソフト開発,シビルソフトカイハツ,正会員,http://www.civil.co.jp/
340,公益財団法人しまね産業振興財団,シマネサンギョウシンコウザイダン,一般賛助会員,https://www.joho-shimane.or.jp/
341,社会システム株式会社,シャカイシステム,正会員,http://www.crp.co.jp/
342,株式会社社会情報サービス,シャカイジョウホウサービス,正会員,https://www.ssri.com/
343,社会保険労務士池田事務所,シャカイホケンロウムシイケダジムショ,正会員,http://www.ikeda-office.jp/
344,社会保険労務士法人ステディ,シャカイホケンロウムシホウジンステディ,準会員,https://steady-sr.com/
345,Sharin株式会社,シャリン,正会員,https://sharin.co.jp/
346,秀峰システム株式会社,シュウホウシステム,正会員,http://www.syuhou.co.jp/
347,首都圏ソフトウェア協同組合,シュトケンソフトウェアキョウドウクミアイ,正会員,http://www.syutoken.or.jp/
348,株式会社正栄設計事務所,ショウエイセッケイジムショ,正会員,http://www.shoei-sekkei.co.jp/
349,白潟総合研究所株式会社,シラガタソウゴウケンキュウジョ,正会員,https://www.ssoken.co.jp/
350,silvereye株式会社,シルバーアイ,準会員,https://www.silvereye.jp/
351,株式会社SHiRO,シロ,正会員,https://kokoshiro.jp/
352,株式会社CINCA,シンカ,準会員,https://cinca.tokyo/
353,株式会社シンクスバンク,シンクスバンク,正会員,https://www.thinkethbank.co.jp/
354,株式会社シンクライアント総合研究所,シンクライアントソウゴウケンキュウジョ,正会員,http://www.tcri.jp
355,株式会社新進商会,シンシンショウカイ,正会員,https://www.ssnet.co.jp/
356,シンプレクス株式会社,シンプレクス,正会員,https://www.simplex.inc/
357,株式会社シンプレックス,シンプレックス,正会員,http://www.simplex-soft.com/
358,株式会社シンメトリア,シンメトリア,正会員,http://www.symmetria.co.jp
359,株式会社シンメトリクス,シンメトリクス,正会員,https://symmetrix.co.jp/
360,株式会社G-gen,ジージェン,正会員,https://www.g-gen.co.jp/
361,株式会社ジーニー,ジーニー,正会員,https://geniee.co.jp/
362,株式会社ジーニアスエイト,ジーニアスエイト,正会員,https://www.genius-8.co.jp/
363,株式会社ジーネクスト,ジーネクスト,正会員,http://www.gnext.co.jp/
364,ジーフィット株式会社,ジーフィット,正会員,https://www.tradom.jp/company
365,株式会社Zene,ジーン,正会員,https://www.zene.co.jp/
366,株式会社ジェイ・マックス,ジェイ・マックス,正会員,https://www.jmaxinc.com/
367,株式会社ジェイジェイエスプラス,ジェイジェイエスプラス,正会員,https://jjsplus.co.jp/
368,有限会社ジェイズシステムズ,ジェイズシステムズ,正会員,http://www.js-systems.co.jp
369,JBアドバンスト・テクノロジー株式会社,ジェイビーアドバンストテクノロジー,正会員,https://www.jbat.co.jp/
370,ジェネシス株式会社,ジェネシス,正会員,https://www.genesys.gr.jp/
371,ジオテクノロジーズ株式会社,ジオテクノロジーズ,正会員,https://geot.jp
372,株式会社jig.jp,ジグジェイピー,正会員,https://www.jig.jp/
373,学校法人 滋慶学園 東京情報デザイン専門職大学,ジケイガクエン トウキョウジョウホウデザインセンモンショクダイガク,一般賛助会員,https://www.tid.ac.jp/
374,合同会社ジザイ,ジザイ,準会員,
375,JAPAN AI株式会社,ジャパンエーアイ,正会員,https://japan-ai.co.jp/
376,一般社団法人重要生活機器連携セキュリティ協議会,ジュウヨウセイカツキキレンケイセキュリティキョウギカイ,一般賛助会員,http://www.ccds.or.jp
377,ジョーシス株式会社,ジョーシス,正会員,https://jp.corp.josys.com/
378,情報技術開発株式会社,ジョウホウギジュツカイハツ,正会員,http://www.tdi.co.jp/
379,株式会社情報技術センター,ジョウホウギジュツセンター,正会員,https://www.itc-net.co.jp/
380,一般社団法人情報サービス産業協会,ジョウホウサービスサンギョウキョウカイ,一般賛助会員,https://www.jisa.or.jp/
381,株式会社情報処理システム研究所,ジョウホウショリシステムケンキュウジョ,正会員,http://www.infsys.co.jp/
382,一般社団法人情報通信ネットワーク産業協会,ジョウホウツウシンネットワークサンギョウキョウカイ,一般賛助会員,http://www.ciaj.or.jp/
383,株式会社ジラフ計画,ジラフケイカク,正会員,
384,株式会社SUPER STUDIO,スーパースタジオ,正会員,https://super-studio.jp
385,スイフトテクノロジー株式会社,スイフトテクノロジー,準会員,https://www.swift-tech.co.jp/
386,株式会社スカイエージネクスト,スカイエージネクスト,準会員,https://www.skyage.co.jp/
387,スキャネット株式会社,スキャネット,正会員,https://www.scanet.jp/
388,株式会社鈴木商店,スズキショウテン,正会員,https://www.suzukishouten.co.jp
389,STAR SE株式会社,スターエスイー,正会員,http://www.star-se.co.jp/
390,スターティアレイズ株式会社,スターティアレイズ,正会員,https://www.startiaraise.co.jp/
391,STAR TECH 株式会社,スターテック,準会員,https://www.startech.co.jp/
392,株式会社STAAAGE,ステージ,準会員,https://www.nodastage.com
393,ストーンビートセキュリティ株式会社,ストーンビートセキュリティ,正会員,https://www.stonebeat.co.jp/
394,STORES 株式会社,ストアーズ,正会員,https://www.st.inc/
395,株式会社ストライク,ストライク,正会員,https://www.strike.co.jp/
396,株式会社ストラテジーテック・コンサルティング,ストラテジーテックコンサルティング,正会員,https://www.strategy-tec.com/
397,株式会社ストラテジット,ストラテジット,正会員,https://www.strategit.jp
398,スパイクシステムズ株式会社,スパイクシステムズ,正会員,https://www.spikes.co.jp
399,株式会社スプラッシュ,スプラッシュ,正会員,https://splash.jp/
400,株式会社Smart Delivery,スマートデリバリー,正会員,https://smart-delivery.jp
401,株式会社スマレジ,スマレジ,正会員,https://corp.smaregi.jp/
402,SALES GO株式会社,セールスゴー,正会員,https://salesgo.co.jp/
403,セイ・テクノロジーズ株式会社,セイテクノロジーズ,正会員,https://www.say-tech.co.jp/
404,株式会社セゾンテクノロジー,セゾンテクノロジー,正会員,https://www.saison-technology.com/
405,株式会社セック,セック,正会員,https://www.sec.co.jp/
406,株式会社セブン＆アイ・ネットメディア,セブンアンドアイネットメディア,正会員,https://www.7andinm.co.jp/
407,株式会社7th Basement,セブンスベースメント,正会員,https://www.7thbasement.com/
408,センターフィールド株式会社,センターフィールド,正会員,https://centerfield.co.jp/
409,株式会社SENTAN,センタン,正会員,https://www.sentan-tech.com/
410,株式会社セントジェームズアソシエイツ,セントジェームズアソシエイツ,正会員,
411,税理士齋藤康之事務所,ゼイリシサイトウヤスユキジムショ,正会員,http://www.zei-saito.com/
412,ゼッタテクノロジー株式会社,ゼッタテクノロジー,正会員,http://www.zetta.co.jp/
413,全国商工会連合会,ゼンコクショウコウカイレンゴウカイ,一般賛助会員,https://www.shokokai.or.jp/
414,全国ソフトウェア協同組合連合会,ゼンコクソフトウェアキョウドウクミアイレンゴウカイ,一般賛助会員,http://www.jaspanet.or.jp
415,一般社団法人全国地域情報産業団体連合会,ゼンコクチイキジョウホウサンギョウダンタイレンゴウカイ,一般賛助会員,http://www.ania.jp/
416,株式会社ZenmuTech,ゼンムテック,正会員,https://zenmutech.com/
417,ソーバル株式会社,ソーバル,正会員,https://www.sobal.co.jp/
418,創研情報株式会社,ソウケンジョウホウ,正会員,https://www.souken.co.jp/
419,株式会社想隆社,ソウリュウシャ,正会員,https://soryu-sha.jp/
420,株式会社ソフィア・システム・サービス,ソフィアシステムサービス,正会員,https://www.sssv.co.jp/
421,株式会社ソフエル,ソフエル,正会員,https://www.sofel.co.jp
422,ソフトイーサ株式会社,ソフトイーサ,正会員,https://www.softether.co.jp/
423,一般財団法人ソフトウェア情報センター,ソフトウェアジョウホウセンター,一般賛助会員,http://www.softic.or.jp/
424,株式会社ソフトクリエイトホールディングス,ソフトクリエイトホールディングス,正会員,https://www.softcreate-holdings.co.jp/
425,ソフトバンク株式会社,ソフトバンク,正会員,https://www.softbank.jp/corp/aboutus/
426,ソフトヒューベリオン株式会社,ソフトヒューベリオン,正会員,https://soft-hyperion.com/
427,ソリマチ株式会社,ソリマチ,正会員,https://www.sorimachi.co.jp/
428,株式会社ソリューション・アンド・テクノロジー,ソリューションアンドテクノロジー,正会員,https://www.solty.co.jp/
429,SOMPOシステムズ株式会社,ソンポシステムズ,正会員,http://www.sompo-sys.com
430,ゾイックス株式会社,ゾイックス,正会員,https://www.zoiccs.co.jp/
431,合同会社ZONER,ゾナー,準会員,https://www.zoner.com/jp
432,株式会社タイミー,タイミー,正会員,https://timee.co.jp/
433,株式会社TIME MACHINE,タイムマシーン,準会員,https://schecon.com/article/
434,TAC株式会社,タック,正会員,https://www.tac-school.co.jp/
435,株式会社たのえん,タノエン,準会員,https://www.sieps.site/
436,株式会社ダイナックス,ダイナックス,正会員,http://www.dynax.co.jp
437,株式会社大和コンピューター,ダイワコンピューター,正会員,https://www.daiwa-computer.co.jp/jp/
438,ダイワボウ情報システム株式会社,ダイワボウジョウホウシステム,正会員,https://www.pc-daiwabo.co.jp/
439,ダックス株式会社,ダックス,正会員,https://duksholdings.co.jp/
440,株式会社DUMSCO,ダムスコ,正会員,https://dumsco.com/
441,株式会社チェプロ,チェプロ,正会員,http://www.chepro.co.jp/
442,公益社団法人千葉県情報サービス産業協会,チバケンジョウホウサービスサンギョウキョウカイ,一般賛助会員,http://www.chisa.gr.jp/
443,中小企業福祉事業団,チュウショウキギョウフクシジギョウダン,正会員,https://www.chukidan.jp/
444,長城コンサルティング株式会社,チョウジョウコンサルティング,正会員,http://www.chojo.co.jp/
445,株式会社チラシレポート,チラシレポート,正会員,https://www.chirashi.co.jp/
446,株式会社ツクリテ,ツクリテ,正会員,https://www.tkrite.com/
447,辻・本郷ＩＴコンサルティング株式会社,ツジホンゴウアイティーコンサルティング,正会員,https://ht-itc.jp/
448,株式会社TDA,ティーディーエー,準会員,https://www.tda-corp.co.jp/
449,株式会社TBTソリューションズ,ティービーティーソリューションズ,正会員,https://tbt-s.jp/
450,T-Link株式会社,ティーリンク,正会員,https://t-linkcompany.com/
451,株式会社ティ・エス・サービス,ティエスサービス,正会員,
452,TISCOINF株式会社,ティスコインフ,正会員,https://www.tiscoinf.co.jp/
453,株式会社TKC,テイケイシイ,正会員,https://www.tkc.jp/
454,株式会社テクノス秋田,テクノスアキタ,正会員,http://www.tks-akita.co.jp/
455,株式会社鉄飛テクノロジー,テッピテクノロジー,正会員,https://www.teppi.com/
456,一般社団法人テレコムサービス協会,テレコムサービスキョウカイ,一般賛助会員,http://www.telesa.or.jp/
457,株式会社テンダ,テンダ,正会員,https://www.tenda.co.jp/
458,データ・タング株式会社,データタング,正会員,https://www.datatang.co.jp/
459,DATAビジネス株式会社,データビジネス,正会員,https://databusiness.co.jp/
460,一般社団法人データビリティコンソーシアム,データビリティコンソーシアム,一般賛助会員,https://cds.or.jp/
461,株式会社データロジック,データロジック,正会員,http://www.datalogic.co.jp/
462,株式会社DNPハイパーテック,ディーエヌピーハイパーテック,正会員,https://www.hypertech.co.jp/
463,ＤＮＶビジネス・アシュアランス・ジャパン株式会社,ディーエヌブイビジネスアシュアランスジャパン,正会員,https://www.dnv.jp/ss_and_sus/index.html
464,DELE株式会社,ディーリー,正会員,https://dele.gr/
465,株式会社DYM,ディーワイエム,正会員,https://dym.asia
466,株式会社ＤＮＡ ＦＡＣＴＯＲ,ディエヌエーファクター,準会員,https://dna-factor.com/
467,DXYZ株式会社,ディクシーズ,準会員,https://dxyz.co.jp/
468,株式会社ディジタル,ディジタル,正会員,https://www.digital-corp.co.jp
469,株式会社デザイン・クリエィション,デザインクリエィション,正会員,https://www.dcrea.co.jp/
470,デザインファースト株式会社,デザインファースト,正会員,https://designfirst.co.jp/
471,株式会社デジタルグローバルシステムズ,デジタルグローバルシステムズ,正会員,https://www.dgs-j.com/
472,有限会社デジタルパイプライン,デジタルパイプライン,正会員,https://www.digitalpipeline.jp/
473,株式会社デジタルファクター,デジタルファクター,正会員,http://www.digitalfactor.co.jp/
474,デジタルみらい株式会社,デジタルミライ,正会員,https://www.digitalmirai.co.jp
475,株式会社デジック,デジック,正会員,https://www.dgic.co.jp/
476,株式会社DeltaX,デルタエックス,準会員,https://delta-x.co.jp/
477,トーワシステムサポート株式会社,トーワシステムサポート,正会員,http://www.towas.co.jp/
478,東海ビジネスサービス株式会社,トウカイビジネスサービス,正会員,http://www.tokai-bs.co.jp/
479,東京システムハウス株式会社,トウキョウシステムハウス,正会員,https://www.tsh-world.co.jp/
480,東京新峰科技株式会社,トウキョウシンホウカギ,正会員,http://www.newtop-j.com
481,東京ソフトウエア株式会社,トウキョウソフトウエア,正会員,http://www.tokyosoft.co.jp/
482,一般社団法人東京都情報産業協会,トウキョウトジョウホウサンギョウキョウカイ,一般賛助会員,https://iit.or.jp/
483,東群トラック株式会社,トウグントラック,準会員,https://www.tougun-truck.co.jp/
484,統合医療アール研究所株式会社,トウゴウイリョウアールケンキュウショ,正会員,
485,東芝エネルギーシステムズ株式会社,トウシバエネルギーシステムズカブシキカイシャ,正会員,https://www.global.toshiba/jp/company/energy.html
486,東洋システム開発株式会社,トウヨウシステムカイハツ,正会員,https://www.tsknet.co.jp/
487,株式会社とめ研究所,トメケンキュウショ,正会員,https://www.tome.jp
488,株式会社 Trust Force,トラストフォース,準会員,
489,株式会社toraru,トラル,正会員,http://toraru.co.jp/
490,tripla株式会社,トリプラ,正会員,https://corp.tripla.jp
491,株式会社トリプルアイズ,トリプルアイズ,正会員,https://www.3-ize.jp/
492,株式会社ＴＲＡＤＥＣＲＥＡＴＥ,トレードクリエイト,正会員,http://www.tradecreate.com/
493,株式会社TREASURY,トレジャリー,正会員,https://treasury.jp/
494,株式会社トレセン,トレセン,正会員,https://tresen.co.jp
495,トレンドマイクロ株式会社,トレンドマイクロ,正会員,https://www.trendmicro.co.jp/
496,一般社団法人道路・舗装技術研究協会,ドウロホソウギジュツケンキュウキョウカイ,正会員,http://parowaytec.jp/
497,株式会社ドライビングフォース,ドライビングフォース,正会員,https://www.drivingforce.co.jp/
498,株式会社ドリームソリューション,ドリームソリューション,準会員,https://solutionds1.co.jp/
499,株式会社ドリームパイプライン,ドリームパイプライン,正会員,https://dreampipeline.com/
500,株式会社ドリームファクトリーワールドワイド,ドリームファクトリーワールドワイド,正会員,https://www.dfww.jp/
501,株式会社ドリームプランニング,ドリームプランニング,正会員,https://dream-plan.com
502,株式会社ナイモノ,ナイモノ,正会員,https://naimono.co.jp/
503,中本総合法律事務所,ナカモトソウゴウホウリツジムショ,正会員,http://www.nakamotopartners.com/
504,長野県　長野市,ナガノケンナガノシ,行政会員,https://www.city.nagano.nagano.jp/
505,ナッジヘルステック株式会社,ナッジヘルステック,準会員,https://nudge-ht.jp/
506,株式会社ナノオプト・メディア,ナノオプトメディア,正会員,http://www.f2ff.jp/
507,株式会社knowledge Act,ナレッジアクト,準会員,https://www.knowledge-act.co.jp/
508,新潟県　新潟市,ニイガタケン　ニイガタシ,行政会員,https://www.city.niigata.lg.jp/
509,学校法人新潟総合学院開志専門職大学,ニイガタソウゴウガクインカイシセンモンショクダイガク,一般賛助会員,https://kaishi-pu.ac.jp/
510,日研システム株式会社,ニッケンシステム,正会員,http://www.nikkensystem.co.jp/index.do
511,日興ソフトウェア株式会社,ニッコウソフトウェア,正会員,http://www.nikkou-soft.co.jp/
512,日昌電気制御株式会社,ニッショウデンキセイギョ,準会員,https://realfocus.nisshodenkiseigyo.com/?referral=CM2310
513,ニッセイ情報テクノロジー株式会社,ニッセイジョウホウテクノロジー,正会員,https://www.nissay-it.co.jp/
514,日本事務器株式会社,ニッポンジムキ,正会員,https://www.njc.co.jp/
515,日本電気株式会社,ニッポンデンキ,特別賛助会員,https://jpn.nec.com/
516,一般社団法人日本ＩＴＡＤ協会,ニホンアイタッドキョウカイ,一般賛助会員,http://itad.or.jp
517,日本ITソフトウェア企業年金基金,ニホンアイティソフトウェアキギョウネンキンキキン,一般賛助会員,https://www.its-kikin.or.jp/
518,日本キスコ株式会社,ニホンキスコ,正会員,http://www.kissco.co.jp
519,一般社団法人日本コンピュータシステム販売店協会,ニホンコンピュータシステムハンバイテンキョウカイ,一般賛助会員,https://www.jcssa.or.jp
520,日本システム開発株式会社,ニホンシステムカイハツ,正会員,https://www.nskint.co.jp/
521,日本システム開発株式会社,ニホンシステムカイハツ,正会員,https://www.nsk.co.jp/
522,株式会社日本システムデザイン,ニホンシステムデザイン,正会員,http://www.ns-design.jp/
523,株式会社日本システムブレーンズ,ニホンシステムブレーンズ,正会員,http://www.nsb.jp/
524,株式会社日本シャルフ,ニホンシャルフ,正会員,http://www.shalf.jp
525,一般財団法人日本生涯学習総合研究所,ニホンショウガイガクシュウソウゴウケンキュウジョ,準会員,https://www.shogai-soken.or.jp/
526,特定非営利活動法人日本情報技術取引所,ニホンジョウホウギジュツトリヒキジョ,一般賛助会員,https://www.jiet.or.jp/
527,一般社団法人日本情報システム・ユーザー協会,ニホンジョウホウシステムユーザーキョウカイ,一般賛助会員,https://juas.or.jp/
528,日本スーパーマップ株式会社,ニホンスーパーマップ,正会員,https://supermap.jp/
529,一般社団法人日本中小企業スマートビジネス推進協会,ニホンチュウショウキギョウスマートビジネススイシンキョウカイ,一般賛助会員,https://smartbiz.or.jp/
530,日本通信エレクトロニック株式会社,ニホンツウシンエレクトロニック,正会員,http://www.jacom.com/
531,日本ティーマックスソフト株式会社,ニホンティーマックスソフト,正会員,https://www.tmaxsoft.co.jp/
532,一般社団法人日本テレワーク協会,ニホンテレワークキョウカイ,一般賛助会員,https://japan-telework.or.jp/
533,一般社団法人日本ディープラーニング協会,ニホンディープラーニングキョウカイ,一般賛助会員,https://www.jdla.org/
534,日本デジタルデザイン株式会社,ニホンデジタルデザイン,正会員,http://www.ndd-net.co.jp/
535,日本ナレッジ株式会社,ニホンナレッジ,正会員,http://www.know-net.co.jp/
536,特定非営利活動法人日本ネットワークセキュリティ協会,ニホンネットワークセキュリティキョウカイ,一般賛助会員,https://www.jnsa.org/
537,一般社団法人日本農業情報システム協会,ニホンノウギョウジョウホウシステムキョウカイ,一般賛助会員,https://jaisa.org/
538,一般財団法人日本パソコンスクール協会,ニホンパソコンスクールキョウカイ,一般賛助会員,https://jpsa.or.jp/
539,日本ビズアップ株式会社,ニホンビズアップ,正会員,https://www.bizup.co.jp/
540,一般社団法人日本ピルビスワーク協会,ニホンピルビスワークキョウカイ,正会員,https://pelviswork.com/
541,日本マイクロソフト株式会社,ニホンマイクロソフト,正会員,https://www.microsoft.com/ja-jp
542,NewIT株式会社,ニューアイティ,正会員,https://newit.co.jp
543,ニュートラル株式会社,ニュートラル,正会員,https://www.neut.co.jp/
544,ニューマネジメントシステム株式会社,ニューマネジメントシステム,正会員,https://www.nmsc.co.jp/
545,一般財団法人ニューメディア開発協会,ニューメディアカイハツキョウカイ,一般賛助会員,https://www2.nmda.or.jp/
546,株式会社Nex-E,ネクシィ,正会員,https://www.nex-e.co.jp/
547,ネクストウェア株式会社,ネクストウェア,正会員,https://www.nextware.co.jp/
548,株式会社ネクストスケープ,ネクストスケープ,正会員,https://www.nextscape.net/
549,株式会社NEXT TECHNOLOGY,ネクストテクノロジー,正会員,https://nexttechnology.jp/
550,株式会社ネクストビジョン,ネクストビジョン,正会員,https://www.nextvision.co.jp/
551,有限会社ネットアイ,ネットアイ,準会員,http://www.net-i.jp
552,株式会社ネットウイズ,ネットウイズ,正会員,https://www.netwith.jp/
553,株式会社ネットショップ支援室,ネットショップシエンシツ,正会員,https://netshop-pro.jp/
554,ネットレコーダー・ソリューションズ株式会社,ネットレコーダーソリューションズ,正会員,http://www.netrecorder.jp/
555,野村證券株式会社,ノムラショウケン,一般賛助会員,http://www.nomura.co.jp/
556,株式会社Ｈａｒｎｅｓｓ　ＬＬＰ,ハーネスエルエルピー,正会員,http://www.harness.bz/
557,ハイネスソリューションズ株式会社,ハイネスソリューションズ,正会員,http://www.kj-hns.com
558,株式会社Hammy's,ハミーズ,準会員,https://hammys.co.jp/
559,株式会社バーズ情報科学研究所,バーズジョウホウカガクケンキュウジョ,正会員,http://www.birds.co.jp/
560,株式会社バイトルヒクマ,バイトルヒクマ,正会員,https://bai.co.jp/
561,株式会社バッファロー,バッファロー,正会員,https://www.buffalo.jp/
562,株式会社batton,バトン,正会員,https://batton.co.jp
563,株式会社バリューソフトウエア,バリューソフトウェア,正会員,https://www.valuenet.co.jp/
564,株式会社パーソナルデザイン,パーソナルデザイン,正会員,http://www.pdn.jp/
565,パートナーサクセス株式会社,パートナーサクセス,正会員,https://partnersuccess.jp/
566,パイオネット・ソフト株式会社,パイオネットソフト,正会員,https://pionet.co.jp/
567,ｐａｉｚａ株式会社,パイザ,正会員,https://www.paiza.co.jp/
568,株式会社パスカリア,パスカリア,正会員,https://www.pascalia.co.jp/
569,株式会社パルソラ,パルソラ,正会員,https://www.parsola.com/
570,ひばりネットシステム株式会社,ヒバリネットシステム,正会員,http://www.hibarinet.co.jp/
571,株式会社ヒューアップテクノロジー,ヒューアップテクノロジー,正会員,https://www.huapp.co.jp
572,ヒューマンアカデミー株式会社,ヒューマンアカデミー,試験会場会員,http://haa.athuman.com/
573,株式会社ヒューマンキャピタル研究所,ヒューマンキャピタルケンキュウジョ,正会員,https://hci-inc.co.jp/
574,株式会社ヒューマンテクノロジーズ,ヒューマンテクノロジーズ,正会員,
575,社会保険労務士法人ヒューマン・プライム,ヒューマンプライム,正会員,https://www.humanprime.co.jp
576,平川社会保険労務士事務所,ヒラカワシャカイホケンロウムシジムショ,正会員,https://hirakawa-sr.jp/
577,広島県　広島市,ヒロシマケンヒロシマシ,行政会員,https://www.city.hiroshima.lg.jp
578,株式会社b-ex,ビーエックス,正会員,https://www.b-ex.inc/
579,株式会社BCN,ビーシーエヌ,一般賛助会員,https://www.bcn.co.jp
580,ＢＣ Ｓｉｇｎｐｏｓｔ株式会社,ビーシーサインポスト,正会員,
581,BBIX株式会社,ビービーアイエックス,正会員,https://www.bbix.net/
582,BBSakura Networks株式会社,ビービーサクラネットワークス,正会員,https://www.bbsakura.net/
583,BBソフトサービス株式会社,ビービーソフトサービス,正会員,https://www.bbss.co.jp
584,株式会社ビジコン・ジャパン,ビジコンジャパン,正会員,https://jbca.co.jp/
585,株式会社ビナヤマト,ビナヤマト,正会員,https://www.vinayamato.com
586,株式会社ピーエスシー,ピーエスシー,正会員,https://www.psc-inc.co.jp/
587,ピーシーアシスト株式会社,ピーシーアシスト,試験会場会員,http://www.winschool.jp/
588,ピー・シー・エー株式会社,ピーシーエー,正会員,https://pca.jp/
589,株式会社Pionero,ピオネロ,正会員,https://www.pionero.io/ja/
590,株式会社PICK,ピック,準会員,https://pick-hp.com/
591,ピナクル株式会社,ピナクル,正会員,https://www.pinnacle.co.jp
592,ファイルフォース株式会社,ファイルフォース,正会員,https://www.fileforce.jp
593,株式会社ファイン,ファイン,正会員,https://www.fine-d.co.jp/
594,ファインディ株式会社,ファインディ,正会員,https://findy.co.jp/
595,株式会社ファインドゲート,ファインドゲート,正会員,https://www.findgate.co.jp/
596,FunTre株式会社,ファントレ,正会員,https://funtre.co.jp/
597,フィデル・テクノロジーズ株式会社,フィデルテクノロジーズ,正会員,https://fideltech.jp/
598,フェアシステム株式会社,フェアシステム,正会員,https://www.fairsystem.co.jp/
599,フェリタス社会保険労務士法人,フェリタスシャカイホケンロウムシホウジン,正会員,https://www.ishikawa-sk.com/
600,フォーエム株式会社,フォーエム,正会員,https://web.fourm.co.jp/
601,株式会社フォーカスシステムズ,フォーカスシステムズ,正会員,https://www.focus-s.com/
602,株式会社フォーサイト,フォーサイト,正会員,https://www.fsight-inc.co.jp/index.html
603,フォースバレー・コンシェルジュ株式会社,フォースバレーコンシェルジュ,正会員,https://www.4th-valley.com/
604,株式会社400F,フォーハンドレッドエフ,正会員,https://400f.jp/
605,株式会社フォーラムエイト,フォーラムエイト,正会員,http://www.forum8.co.jp/
606,株式会社フォスターネット,フォスターネット,正会員,https://foster-net.co.jp/
607,株式会社FoxitJapan,フォックスイットジャパン,正会員,http://www.foxit.co.jp
608,株式会社フォトハイウェイ・ジャパン,フォトハイウェイジャパン,正会員,https://gbnavi.jp/
609,株式会社フォトロン,フォトロン,正会員,http://www.photron.co.jp/
610,フォルテックス株式会社,フォルテックス,正会員,https://www.fortex-inc.co.jp
611,社会保険労務士法人FORROU,フォロー,正会員,https://forrou-sr.jp
612,株式会社PHONE APPLI,フォンアプリ,正会員,https://phoneappli.net/
613,福井コンピュータホールディングス株式会社,フクイコンピュータホールディングス,正会員,https://www.fukuicompu.co.jp/
614,富士通株式会社,フジツウ,特別賛助会員,https://www.fujitsu.com/jp/
615,富士通コミュニケーションサービス株式会社,フジツウコミュニケーションサービス,正会員,http://www.fujitsu.com/jp/group/csl/
616,株式会社富士通ラーニングメディア,フジツウラーニングメディア,正会員,https://jp.fujitsu.com/group/flm/
617,株式会社富士通ラーニングメディア沖縄,フジツウラーニングメディアオキナワ,正会員,https://www.fujitsu.com/jp/group/flm/flmo/
618,株式会社富士通ラーニングメディア・スタッフ,フジツウラーニングメディアスタッフ,正会員,https://www.fujitsu.com/jp/group/flm/flms/
619,FUJIYAMA  BRIDGE LAB株式会社,フジヤマブリッジラボ,準会員,https://www.fujiyamabl.com/
620,株式会社フトゥーロ,フトゥーロ,正会員,http://co226.jp
621,フリービット株式会社,フリービット,正会員,http://www.freebit.com/
622,Frich株式会社,フリッチ,正会員,https://frich.co.jp/
623,フルタニ産業株式会社,フルタニサンギョウ,正会員,https://www.furutani-sangyou.co.jp/
624,フルライン株式会社,フルライン,正会員,https://www.full-line.co.jp/
625,ブライシス株式会社,ブライシス,正会員,http://www.brisys.co.jp/
626,ブルーテック株式会社,ブルーテック,正会員,https://bluetec.co.jp
627,株式会社BluePort,ブルーポート,正会員,https://blue-port.co.jp/
628,ブレークモア法律事務所,ブレークモアホウリツジムショ,正会員,http://www.blakemore.gr.jp
629,株式会社ブレーンバディ,ブレーンバディ,正会員,https://brainbuddy.co.jp/
630,プライマリー・アシスト株式会社,プライマリーアシスト,正会員,http://primary-assist.co.jp/
631,株式会社プライムインフォ,プライムインフォ,正会員,https://primeinfo.co.jp/
632,株式会社プラザ・イー,プラザイー,正会員,https://www.plaza-e.co.jp
633,株式会社プラスバリュー,プラスバリュー,正会員,https://plusv.jp/
634,プラナスソリューションズ株式会社,プラナスソリューションズ,正会員,https://www.prunus-sol.co.jp/
635,プラネットワークス株式会社,プラネットワークス,準会員,https://planetworks.co.jp/
636,Playflats合同会社,プレイフラッツ,正会員,https://playflats.com/
637,株式会社プレミアムアーツ,プレミアムアーツ,正会員,http://www.premiumartsinc.wix.com/pai001
638,株式会社プログデンス,プログデンス,正会員,https://www.progdence.co.jp/
639,税理士法人プログレス,プログレス,正会員,https://prgss.jp/
640,株式会社プロシップ,プロシップ,正会員,http://www.proship.co.jp/
641,株式会社プロズプラス,プロズプラス,正会員,https://prozplus.jp
642,社会福祉法人プロップ・ステーション,プロップステーション,一般賛助会員,https://www.prop.or.jp/
643,株式会社プロモーション,プロモーション,正会員,https://promotion.co.jp/
644,ベース株式会社,ベース,正会員,http://www.basenet.co.jp/
645,ベクターワークスジャパン株式会社,ベクターワークスジャパン,正会員,https://www.vectorworks.co.jp/
646,ベトリンクソリューションズ株式会社,ベトリンクソリューションズ,正会員,https://vietlink.jp/
647,ベリタステクノロジーズ合同会社,ベリタステクノロジーズ,正会員,https://www.veritas.com/ja/jp/company/corporate-profile
648,弁護士ドットコム株式会社,ベンゴシドットコム,正会員,https://www.bengo4.com/corporate/
649,株式会社ベンチャーエージェント,ベンチャーエージェント,準会員,https://www.venture-agent.com/
650,PagerDuty株式会社,ペイジャーデューティ,正会員,https://www.pagerduty.co.jp/
651,株式会社ホープクリエイト,ホープクリエイト,正会員,http://www.hcc-net.co.jp/
652,北海道　北見市,ホッカイドウ　キタミシ,行政会員,http://www.city.kitami.lg.jp/
653,一般社団法人北海道ＩＴ推進協会,ホッカイドウアイティスイシンキョウカイ,一般賛助会員,https://www.hicta.or.jp/
654,一般社団法人北海道情報システム産業協会,ホッカイドウジョウホウシステムサンギョウキョウカイ,一般賛助会員,http://www.hisa.gr.jp/
655,北海道　函館市,ホッカイドウハコダテシ,行政会員,http://www.city.hakodate.hokkaido.jp/
656,北港情報サービス株式会社,ホッコウジョウホウサービス,正会員,http://www.hokkohj.co.jp/
657,株式会社本間システム,ホンマシステム,正会員,
658,株式会社ボールド,ボールド,正会員,http://www.bold.ne.jp/
659,vonxai合同会社,ボンサイ,準会員,https://www.vonxai.co.jp/
660,ポスタス株式会社,ポスタス,正会員,https://www.postas.co.jp/
661,株式会社ポリフレクト,ポリフレクト,正会員,https://www.poliflect.co.jp/
662,マーキュリーHD株式会社,マーキュリーエイチディ,正会員,
663,株式会社Maas Tech Japan,マーステックジャパン,正会員,https://www.maas.co.jp/
664,株式会社マイクロメイツ,マイクロメイツ,正会員,https://www.micromates.co.jp/
665,MicroWorld株式会社,マイクロワールド,正会員,https://microworld.co.jp/
666,株式会社マイナビEdge,マイナビエッジ,試験会場会員,https://www.mynavi-edge.jp/
667,株式会社マイネットシステム,マイネットシステム,正会員,https://www.mynet-system.co.jp/
668,マイプラス株式会社,マイプラス,正会員,https://www.my-plus.co.jp/
669,株式会社豆蔵,マメゾウ,正会員,https://www.mamezou.com
670,株式会社豆蔵K2TOPホールディングス,マメゾウケーツートップホールディングス,正会員,https://www.mzk2.com/
671,マルワソフト株式会社,マルワソフト,正会員,https://www.maruwasoft.co.jp/
672,株式会社ミクロスソフトウエア,ミクロスソフトウエア,正会員,http://www.micros.co.jp/
673,株式会社ミック,ミック,正会員,https://www.mic.jp/
674,株式会社ミックウェアオートモーティブ,ミックウェアオートモーティブ,正会員,https://micware.co.jp/ja/group/automotive/
675,株式会社ミップス,ミップス,正会員,http://www.go-mips.co.jp/index.html
676,三菱ＵＦＪ信託銀行株式会社,ミツビシユーエフジェイシンタクギンコウ,一般賛助会員,https://www.tr.mufg.jp/
677,ミミワークス株式会社,ミミワークス,正会員,http://mimiworks.jp/
678,株式会社ミモザ情報システム,ミモザジョウホウシステム,正会員,https://www.mimosa.co.jp/
679,宮崎県　都城市,ミヤザキケンミヤコノジョウシ,行政会員,https://www.city.miyakonojo.miyazaki.jp/
680,株式会社ミラ,ミラ,正会員,https://www.madebymira.com/
681,株式会社未来研究所,ミライケンキュウショ,正会員,https://www.future-research.jp/
682,株式会社ミライル,ミライル,正会員,https://miraillu.co.jp/
683,株式会社ミロク情報サービス,ミロクジョウホウサービス,正会員,https://www.mjs.co.jp/
684,株式会社MOVED,ムーブド,正会員,https://www.moved.co.jp/
685,mui Lab株式会社,ムイラボ,正会員,https://muilab.com
686,名誉教授ドットコム株式会社,メイヨキョウジュドットコム,正会員,http://www.pedc.tohoku.org/
687,method bank 株式会社,メソッドバンク,正会員,https://methodbank.jp/
688,株式会社メディアシーク,メディアシーク,正会員,https://www.mediaseek.co.jp/
689,株式会社メディアミックス,メディアミックス,正会員,https://www.mediamix.inc/
690,株式会社メドミライ,メドミライ,正会員,https://www.medmirai.co.jp/
691,株式会社Mealthy,メルシー,正会員,https://mealthy.co.jp
692,株式会社ModelingX,モデリングエックス,準会員,https://modelingx.jp
693,モバイルコンピューティング推進コンソーシアム,モバイルコンピューティングスイシンコンソーシアム,一般賛助会員,http://www.mcpc-jp.org/
694,モビルス株式会社,モビルス,正会員,https://mobilus.co.jp
695,株式会社モンスター・ラボ,モンスターラボ,正会員,https://monstar-lab.com/monstarlab-jp-profile/
696,株式会社八雲ソフトウェア,ヤクモソフトウェア,正会員,https://8clouds.co.jp/
697,社会保険労務士山田事務所,ヤマダジムショ,正会員,https://www.sryamada.jp
698,弥生株式会社,ヤヨイ,正会員,https://www.yayoi-kk.co.jp/
699,株式会社ユーコム,ユーコム,正会員,https://www.youcom.co.jp/
700,ユーザックシステム株式会社,ユーザックシステム,正会員,https://www.usknet.com/
701,株式会社USTAGE,ユーステージ,正会員,https://www.ustage.net/
702,ユニインフォーメーション株式会社,ユニインフォーメーション,正会員,https://www.uni-info.co.jp/
703,株式会社ユニリタプラス,ユニリタプラス,正会員,http://www.uniritaplus.co.jp/
704,株式会社ユラスコア,ユラスコア,正会員,https://www.yurascore.co.jp/
705,株式会社ユニリタ,ユリニタ,正会員,https://www.unirita.co.jp/
706,株式会社横河技術情報,ヨコガワギジュツジョウホウ,正会員,https://www.yti.co.jp/
707,株式会社ライズ・マーケティング・ジャパン,ライズマーケティングジャパン,正会員,
708,株式会社ライトウェブ,ライトウェブ,正会員,https://lightweb.co.jp/
709,株式会社ライトコード,ライトコード,準会員,https://rightcode.co.jp/
710,株式会社ライフアカデミア,ライフアカデミア,準会員,https://life-academia.co.jp/
711,株式会社LIFE CREATE,ライフクリエイト,正会員,https://be-lifecreate.com/
712,LINEヤフー株式会社,ラインヤフー,正会員,https://www.lycorp.co.jp/
713,株式会社ラキール,ラキール,正会員,https://www.lakeel.com/
714,株式会社楽堂,ラクドウ,正会員,https://www.rakudou.co.jp
715,ラクラス株式会社,ラクラス,正会員,http://www.lacras.co.jp/
716,ラシックマーケティング株式会社,ラシックマーケティング,正会員,https://rashic.co.jp/
717,株式会社ラック,ラック,正会員,https://www.lac.co.jp
718,株式会社ラネクシー,ラネクシー,正会員,https://www.runexy.co.jp/
719,株式会社ラピート,ラピート,正会員,http://www.rapiit.com/
720,ラフゴ株式会社,ラフゴ,正会員,https://corp.lafugo.com
721,株式会社ラボル,ラボル,準会員,https://labol.co.jp/corp/
722,株式会社LegalOn Technologies,リーガルオンテクノロジーズ,正会員,https://legalontech.jp/
723,Lydsec Digital Technology Japan株式会社,リーセックデジタルテクノロジージャパン,正会員,https://www.lydsec.com/ja/
724,株式会社リアルソリューションズ,リアルソリューションズ,正会員,http://www.realsolutions.co.jp/
725,リアルネットワークス株式会社,リアルネットワークス,正会員,https://safr.com/ja/home/
726,株式会社理経,リケイ,正会員,http://www.rikei.co.jp
727,株式会社リコー,リコー,正会員,https://www.ricoh.co.jp/
728,リコーITソリューションズ株式会社,リコーアイティソリューションズ,正会員,http://www.jrits.co.jp
729,リコージャパン株式会社,リコージャパン,正会員,https://www.ricoh.co.jp/
730,Resource株式会社,リソース,準会員,https://resource-inc.com/company
731,学校法人立志舎,リッシシャ,一般賛助会員,https://www.all-japan.ac.jp/
732,株式会社栗菱コンピューターズ,リツリョウコンピューターズ,正会員,https://ritsuryo.co.jp/
733,リデン株式会社,リデン,正会員,https://www.reden.co.jp
734,株式会社LITORY,リトリー,準会員,https://litory.jp/
735,株式会社リトルソフトウェア,リトルソフトウェア,正会員,https://www.littlesoftware.jp/
736,株式会社Rehab for JAPAN,リハブフォージャパン,正会員,https://rehabforjapan.com/
737,リバティ・フィッシュ株式会社,リバティフィッシュ,正会員,https://www.libertyfish.co.jp
738,株式会社Re-Build,リビルド,正会員,https://www.re-builds.co.jp/
739,株式会社リファクト,リファクト,正会員,https://www.refact.co.jp/
740,株式会社リフカム,リフカム,準会員,https://about.refcome.com/
741,株式会社LIFRELL,リフレール,準会員,https://lifrell.co.jp/
742,株式会社リボルブ沖縄,リボルブオキナワ,正会員,https://www.revolveok.co.jp/
743,株式会社リボルブ・シス,リボルブシス,正会員,https://www.revolvesys.co.jp/
744,株式会社リメディア,リメディア,正会員,http://www.remedia.co.jp/
745,株式会社リンクス,リンクス,正会員,http://links-system.co.jp/
746,ルークコンサルタンツ株式会社,ルークコンサルタンツ,正会員,
747,株式会社ルートプロ,ルートプロ,正会員,http://rootpro.jp/
748,一般社団法人Ｒｕｂｙビジネス推進協議会,ルビービジネススイシンキョウギカイ,一般賛助会員,https://www.ruby-b.com/
749,株式会社ルリアン,ルリアン,正会員,https://le-lien.co.jp/
750,レッドアークラボラトリーズ合同会社,レッドアークラボラトリーズ,準会員,https://corp.rals.space
751,レバテック株式会社,レバテック,正会員,https://levtech.jp/company/
752,レヴィアス株式会社,レヴィアス,正会員,https://levias.co.jp/
753,六元素情報システム株式会社,ロクゲンソジョウホウシステム,正会員,http://www.rgsis.com/
754,ログオーシャン株式会社,ログオーシャン,正会員,http://www.locn.co.jp
755,株式会社ロジックベイン,ロジックベイン,正会員,https://www.lvi.co.jp/
756,ロジテックINAソリューションズ株式会社,ロジテックアイエヌエーソリューションズ,正会員,https://www.logitec.co.jp/
757,ロック・ストアー・ハウス株式会社,ロックストアーハウス,正会員,https://www.r-sh.co.jp/
758,株式会社ロックトゥーン,ロックトゥーン,準会員,https://www.rocktoon.co.jp/
759,株式会社ROBON,ロボン,正会員,https://www.robon.co.jp/
760,株式会社ワークスアプリケーションズ,ワークスアプリケーションズ,正会員,https://www.worksap.co.jp/
761,株式会社ワークスアプリケーションズ・フロンティア,ワークスアプリケーションズフロンティア,正会員,https://www.worksap.co.jp/frontier/
762,株式会社Works Human Intelligence,ワークスヒューマンインテリジェンス,正会員,https://www.works-hi.co.jp
763,株式会社ワークスビジネスサービス,ワークスビジネスサービス,正会員,
764,ワークデザイン福田合同会社,ワークデザインフクダ,準会員,
765,株式会社ワイズ・マーケティング,ワイズマーケティング,正会員,http://www.ymktg.com
766,株式会社Yメディカル,ワイメディカル,正会員,
767,和歌山県,ワカヤマケン,行政会員,https://ritti.pref.wakayama.jp/ict/
768,株式会社ワコム,ワコム,正会員,https://www.wacom.com/ja-jp
769,ワンビ株式会社,ワンビ,正会員,http://www.onebe.co.jp/
770,Verticurl Japan合同会社,ヴァーティカルジャパン,正会員,https://www.verticurl.co.jp/
771,株式会社ヴァル研究所,ヴァルケンキュウジョ,正会員,https://www.val.co.jp/
772,株式会社日本ソフトウェアブレイン,二ホンソフトウェアブレイン,準会員,https://nsbrain.co.jp/
701,株式会社USTAGE,ユーステージ,正会員,https://www.ustage.net/
702,ユニインフォーメーション株式会社,ユニインフォーメーション,正会員,https://www.uni-info.co.jp/
703,株式会社ユニリタプラス,ユニリタプラス,正会員,http://www.uniritaplus.co.jp/
704,株式会社ユラスコア,ユラスコア,正会員,https://www.yurascore.co.jp/
705,株式会社ユニリタ,ユリニタ,正会員,https://www.unirita.co.jp/
706,株式会社横河技術情報,ヨコガワギジュツジョウホウ,正会員,https://www.yti.co.jp/
707,株式会社ライズ・マーケティング・ジャパン,ライズマーケティングジャパン,正会員,
708,株式会社ライトウェブ,ライトウェブ,正会員,https://lightweb.co.jp/
709,株式会社ライトコード,ライトコード,準会員,https://rightcode.co.jp/
710,株式会社ライフアカデミア,ライフアカデミア,準会員,https://life-academia.co.jp/
711,株式会社LIFE CREATE,ライフクリエイト,正会員,https://be-lifecreate.com/
712,LINEヤフー株式会社,ラインヤフー,正会員,https://www.lycorp.co.jp/
713,株式会社ラキール,ラキール,正会員,https://www.lakeel.com/
714,株式会社楽堂,ラクドウ,正会員,https://www.rakudou.co.jp
715,ラクラス株式会社,ラクラス,正会員,http://www.lacras.co.jp/
716,ラシックマーケティング株式会社,ラシックマーケティング,正会員,https://rashic.co.jp/
717,株式会社ラック,ラック,正会員,https://www.lac.co.jp
718,株式会社ラネクシー,ラネクシー,正会員,https://www.runexy.co.jp/
719,株式会社ラピート,ラピート,正会員,http://www.rapiit.com/
720,ラフゴ株式会社,ラフゴ,正会員,https://corp.lafugo.com
721,株式会社ラボル,ラボル,準会員,https://labol.co.jp/corp/
722,株式会社LegalOn Technologies,リーガルオンテクノロジーズ,正会員,https://legalontech.jp/
723,Lydsec Digital Technology Japan株式会社,リーセックデジタルテクノロジージャパン,正会員,https://www.lydsec.com/ja/
724,株式会社リアルソリューションズ,リアルソリューションズ,正会員,http://www.realsolutions.co.jp/
725,リアルネットワークス株式会社,リアルネットワークス,正会員,https://safr.com/ja/home/
726,株式会社理経,リケイ,正会員,http://www.rikei.co.jp
727,株式会社リコー,リコー,正会員,https://www.ricoh.co.jp/
728,リコーITソリューションズ株式会社,リコーアイティソリューションズ,正会員,http://www.jrits.co.jp
729,リコージャパン株式会社,リコージャパン,正会員,https://www.ricoh.co.jp/
730,Resource株式会社,リソース,準会員,https://resource-inc.com/company
731,学校法人立志舎,リッシシャ,一般賛助会員,https://www.all-japan.ac.jp/
732,株式会社栗菱コンピューターズ,リツリョウコンピューターズ,正会員,https://ritsuryo.co.jp/
733,リデン株式会社,リデン,正会員,https://www.reden.co.jp
734,株式会社LITORY,リトリー,準会員,https://litory.jp/
735,株式会社リトルソフトウェア,リトルソフトウェア,正会員,https://www.littlesoftware.jp/
736,株式会社Rehab for JAPAN,リハブフォージャパン,正会員,https://rehabforjapan.com/
737,リバティ・フィッシュ株式会社,リバティフィッシュ,正会員,https://www.libertyfish.co.jp
738,株式会社Re-Build,リビルド,正会員,https://www.re-builds.co.jp/
739,株式会社リファクト,リファクト,正会員,https://www.refact.co.jp/
740,株式会社リフカム,リフカム,準会員,https://about.refcome.com/
741,株式会社LIFRELL,リフレール,準会員,https://lifrell.co.jp/
742,株式会社リボルブ沖縄,リボルブオキナワ,正会員,https://www.revolveok.co.jp/
743,株式会社リボルブ・シス,リボルブシス,正会員,https://www.revolvesys.co.jp/
744,株式会社リメディア,リメディア,正会員,http://www.remedia.co.jp/
745,株式会社リンクス,リンクス,正会員,http://links-system.co.jp/
746,ルークコンサルタンツ株式会社,ルークコンサルタンツ,正会員,
747,株式会社ルートプロ,ルートプロ,正会員,http://rootpro.jp/
748,一般社団法人Ｒｕｂｙビジネス推進協議会,ルビービジネススイシンキョウギカイ,一般賛助会員,https://www.ruby-b.com/
749,株式会社ルリアン,ルリアン,正会員,https://le-lien.co.jp/
750,レッドアークラボラトリーズ合同会社,レッドアークラボラトリーズ,準会員,https://corp.rals.space
751,レバテック株式会社,レバテック,正会員,https://levtech.jp/company/
752,レヴィアス株式会社,レヴィアス,正会員,https://levias.co.jp/
753,六元素情報システム株式会社,ロクゲンソジョウホウシステム,正会員,http://www.rgsis.com/
754,ログオーシャン株式会社,ログオーシャン,正会員,http://www.locn.co.jp
755,株式会社ロジックベイン,ロジックベイン,正会員,https://www.lvi.co.jp/
756,ロジテックINAソリューションズ株式会社,ロジテックアイエヌエーソリューションズ,正会員,https://www.logitec.co.jp/
757,ロック・ストアー・ハウス株式会社,ロックストアーハウス,正会員,https://www.r-sh.co.jp/
758,株式会社ロックトゥーン,ロックトゥーン,準会員,https://www.rocktoon.co.jp/
759,株式会社ROBON,ロボン,正会員,https://www.robon.co.jp/
760,株式会社ワークスアプリケーションズ,ワークスアプリケーションズ,正会員,https://www.worksap.co.jp/
761,株式会社ワークスアプリケーションズ・フロンティア,ワークスアプリケーションズフロンティア,正会員,https://www.worksap.co.jp/frontier/
762,株式会社Works Human Intelligence,ワークスヒューマンインテリジェンス,正会員,https://www.works-hi.co.jp
763,株式会社ワークスビジネスサービス,ワークスビジネスサービス,正会員,
764,ワークデザイン福田合同会社,ワークデザインフクダ,準会員,
765,株式会社ワイズ・マーケティング,ワイズマーケティング,正会員,http://www.ymktg.com
766,株式会社Yメディカル,ワイメディカル,正会員,
767,和歌山県,ワカヤマケン,行政会員,https://ritti.pref.wakayama.jp/ict/
768,株式会社ワコム,ワコム,正会員,https://www.wacom.com/ja-jp
769,ワンビ株式会社,ワンビ,正会員,http://www.onebe.co.jp/
770,Verticurl Japan合同会社,ヴァーティカルジャパン,正会員,https://www.verticurl.co.jp/
771,株式会社ヴァル研究所,ヴァルケンキュウジョ,正会員,https://www.val.co.jp/
772,株式会社日本ソフトウェアブレイン,二ホンソフトウェアブレイン,準会員,https://nsbrain.co.jp/
